CustomerID,actual_churn,predicted_churn,churn_probability,prediction_correct
54007,0,0,0.15635671281993463,True
51970,0,0,0.1489939908555016,True
54236,0,0,0.16879375177757094,True
50106,0,0,0.10710182149541225,True
52296,0,0,0.3297828690005313,True
54394,0,0,0.13098711967508456,True
52952,0,0,0.18123461760597845,True
53404,0,0,0.14633981467389678,True
53586,0,0,0.30720540240369415,True
50468,0,0,0.12297063540852168,True
52479,0,0,0.18768718832624606,True
52126,1,1,0.8369415006332835,True
53002,0,0,0.21037555404733385,True
54605,0,0,0.17297127645010854,True
53095,0,0,0.16899294183228583,True
51609,0,0,0.21456930398935875,True
51159,0,0,0.3250925002840867,True
50800,0,0,0.4442154308633172,True
50151,0,0,0.1681277112204348,True
54778,0,0,0.10174256219777061,True
51630,0,1,0.6820108217300492,False
50675,0,0,0.11319021547694741,True
50959,1,1,0.6711464744277582,True
52580,0,0,0.22980903408397432,True
50670,0,0,0.10023923438959656,True
50877,0,0,0.17660401603690867,True
52335,0,0,0.47429000545461497,True
55421,0,0,0.3021323551231989,True
54549,0,0,0.13905298768359417,True
54498,0,0,0.22231018607772451,True
55284,0,0,0.1827681801903723,True
54860,0,0,0.016692209778028187,True
55217,1,1,0.7395218808905287,True
50837,0,0,0.33461067988093496,True
55029,0,0,0.2420934693626334,True
55523,0,0,0.13833659548088778,True
54757,0,0,0.1424576359303465,True
53500,0,0,0.2096349499128375,True
50895,0,0,0.21582849988151992,True
50833,0,0,0.2887893453298548,True
53081,0,0,0.06672542465551355,True
54378,1,1,0.6337274105382265,True
53302,0,0,0.17363230854717396,True
50157,0,0,0.19814164685588287,True
50726,0,0,0.3278563177733968,True
51842,0,1,0.6980571417616983,False
54041,0,0,0.4702210497925145,True
53816,0,0,0.1690331531910488,True
53340,0,0,0.03760217641526417,True
52260,0,0,0.09264317665773902,True
51258,0,1,0.5709960310585778,False
53172,0,0,0.31893334729832673,True
55067,0,0,0.23678400302836788,True
50933,1,1,0.8852949979194982,True
53810,0,0,0.24389964771067787,True
52827,1,1,0.5353571389037963,True
52562,0,0,0.18881792386475754,True
53161,0,1,0.5805556564305209,False
54336,0,0,0.20753534852657513,True
50438,1,1,0.8749111891818079,True
52750,0,0,0.1239618594248556,True
53538,0,0,0.14921032805742201,True
52670,0,0,0.23446730461420742,True
52826,1,0,0.25967323821495963,False
55583,0,1,0.5149526297370364,False
50251,0,0,0.24907627614433334,True
54238,0,0,0.2582949456002809,True
51055,0,0,0.11514614626291138,True
54695,0,0,0.017662499170779652,True
50809,0,0,0.47664113322749335,True
51216,0,0,0.15818655699329778,True
52009,1,1,0.7033694362813385,True
52489,0,0,0.1305530212522518,True
51514,0,0,0.1898347564298937,True
54497,1,1,0.8372407072398087,True
51759,0,0,0.10022774820038412,True
52611,0,0,0.13756084442840388,True
53655,0,0,0.19935805184621497,True
52339,0,1,0.6113662516272449,False
50355,1,1,0.8596079443768666,True
52594,0,1,0.5466298507199869,False
50014,1,1,0.8812563925169706,True
53099,0,0,0.014182204479328536,True
51074,0,0,0.18751495173773797,True
55151,0,0,0.2431758735892829,True
51348,1,1,0.8632362006545109,True
53707,1,1,0.8176856632987185,True
54433,0,0,0.14664634323255277,True
55362,1,1,0.8583759583484875,True
50606,0,0,0.30763736691418125,True
52639,0,0,0.25426479175731415,True
50579,0,0,0.33217120246108506,True
52353,1,1,0.8629585824619876,True
50768,1,1,0.7899874565456417,True
53570,0,0,0.06882753220812146,True
54930,0,1,0.563092430820242,False
53569,0,0,0.15264150598521442,True
54317,0,0,0.07237641655282755,True
52550,1,1,0.5867793354602747,True
52457,1,0,0.24768540599981698,False
51597,0,0,0.1810081408554214,True
54203,1,1,0.7483824682683486,True
50984,0,0,0.2809493596781558,True
51966,0,0,0.3604556991381221,True
54899,0,0,0.1660418993633376,True
55260,0,0,0.19971303350121977,True
53241,0,1,0.6119964070470673,False
52032,0,0,0.3451007237240536,True
53821,0,0,0.11194277764721865,True
52572,0,0,0.24412521067865242,True
51072,0,1,0.5869161645502358,False
50954,0,0,0.10505803670932146,True
52513,1,1,0.8371452327048476,True
53666,1,1,0.6856676056810991,True
54147,0,0,0.14364641771974132,True
53273,0,0,0.09283882723089136,True
51021,0,0,0.2459703831216764,True
54101,0,0,0.15640576599854078,True
53277,0,1,0.7444528443945735,False
50298,1,1,0.7624596924515998,True
51405,0,0,0.08031044937575788,True
50103,0,0,0.23975493145445925,True
52209,0,0,0.1456153325082029,True
53571,0,0,0.18825360336210561,True
50866,0,0,0.2725006565399302,True
51168,0,0,0.13789567522887355,True
51101,0,0,0.09259725857078113,True
51965,0,0,0.10150559769280611,True
51473,1,1,0.8466655850292039,True
54811,0,0,0.09152708316960931,True
51358,0,0,0.1427628075693767,True
55280,0,0,0.22186335735027649,True
51103,0,0,0.10673114009446452,True
53600,0,1,0.7292557378228292,False
53556,0,0,0.2454784100178728,True
51214,1,1,0.7052473535249406,True
52835,1,1,0.56691929512608,True
53348,0,0,0.2621565595792465,True
54966,0,0,0.13232281618955816,True
54384,0,0,0.2753722148473539,True
54893,1,1,0.7535654853901659,True
53932,0,0,0.3143887671925658,True
51213,0,1,0.5184684267291876,False
55001,0,0,0.19289805235586394,True
53744,0,0,0.033171387596914396,True
55083,0,0,0.13733242204596896,True
50112,1,1,0.6902247732013582,True
50320,0,0,0.1665197639948247,True
50655,1,1,0.5830625992763373,True
53705,0,0,0.2706281271975901,True
53305,1,1,0.841624363568182,True
54973,0,0,0.21327846996884278,True
54077,0,1,0.622111094450006,False
55389,0,0,0.15284002989833215,True
54720,0,0,0.3760173286078951,True
53293,0,0,0.34375455032480184,True
54880,0,0,0.23157163011764056,True
52368,0,0,0.22640638795525306,True
52159,1,1,0.5124538536895279,True
55268,0,0,0.15124008017959623,True
55499,1,1,0.7264117289164288,True
51328,1,0,0.32776023959050965,False
53761,0,0,0.35368770904843283,True
53502,0,0,0.3397008266857559,True
54322,0,1,0.6722190972883264,False
50174,0,0,0.32930643930489817,True
52184,1,1,0.6599583769363632,True
50983,0,0,0.14405445372532652,True
51480,0,1,0.5821898408764772,False
55332,1,1,0.6278252276561421,True
54315,0,0,0.3842901209050409,True
51582,1,1,0.6770687363506014,True
51418,0,0,0.4043720987210356,True
55189,0,0,0.37008184242623976,True
54718,0,0,0.1334904167928509,True
52347,0,0,0.1583685755915309,True
50580,0,0,0.28859117689209407,True
50679,0,0,0.29179091161031495,True
53751,1,1,0.9348699388725437,True
52617,1,1,0.8376406662194973,True
53889,0,0,0.19293756861502498,True
50808,1,1,0.910893857368346,True
54934,0,0,0.2868325678723501,True
51802,0,0,0.31105489677580606,True
51776,0,0,0.23068443064623975,True
51215,1,1,0.9399348006453357,True
52266,0,0,0.10192565119070185,True
50516,0,1,0.592921175873806,False
53072,0,0,0.35786405697243895,True
51399,0,0,0.295784147113338,True
50623,0,0,0.37487884740267374,True
51933,0,0,0.04254778912563975,True
53031,0,0,0.0964643383812823,True
51803,1,1,0.8962706012150826,True
52511,0,0,0.13816462967352888,True
52174,1,1,0.6033285997086072,True
52591,0,0,0.33032839829265553,True
50285,0,0,0.09531293308632045,True
51199,0,0,0.41675103330901003,True
53696,0,0,0.3131849539690754,True
55244,1,1,0.5160371010090012,True
54128,0,0,0.17331254746702224,True
50214,0,0,0.1336536787695756,True
54637,0,1,0.7164662589480784,False
52116,0,0,0.13436208893573187,True
51282,0,0,0.12155384754432791,True
53553,0,0,0.37143752451844636,True
53318,0,0,0.06362174954660865,True
55229,1,1,0.8785166564992848,True
53093,0,0,0.30129935629301824,True
52906,0,0,0.37781788012907924,True
51637,0,0,0.10769077972418227,True
55350,0,0,0.13206019773585478,True
54982,0,0,0.11452297143325313,True
50093,1,0,0.4511987218602698,False
55116,0,0,0.05624256445085527,True
55434,1,1,0.8997225497266197,True
52401,0,0,0.19778645540745252,True
54790,0,0,0.18004434712393924,True
52214,0,1,0.5206453558989588,False
52396,0,0,0.13663241343437843,True
53035,0,0,0.17725400418810586,True
50634,0,0,0.1374695867595991,True
53038,0,0,0.27042957974768606,True
53782,0,0,0.14458962607314763,True
53316,0,0,0.41956616646796585,True
52450,0,0,0.30721546264654276,True
53805,0,0,0.35447670257129177,True
55090,0,0,0.4551438767758132,True
50786,0,0,0.38486524282476936,True
52001,0,1,0.652231660624506,False
53304,0,0,0.14562130507337637,True
50744,0,1,0.5537995397438004,False
54425,1,1,0.7783033061912511,True
50261,1,1,0.7456870179308339,True
51672,0,0,0.1548367277495163,True
55473,1,1,0.6929684584621657,True
50155,0,0,0.04921548846200824,True
54677,0,1,0.5352552897549167,False
51079,0,0,0.07804373206656236,True
51981,0,0,0.18153874847711676,True
54319,0,0,0.28252944554578,True
54904,0,0,0.05582660892890968,True
55456,0,0,0.3193925040250293,True
51845,0,0,0.10658479965155761,True
54927,0,0,0.1537193334701574,True
51723,0,0,0.17088157640352486,True
55094,0,0,0.3688287895858797,True
53955,0,0,0.0861122822138158,True
51510,0,1,0.8928804481395965,False
54756,1,0,0.44535447810644885,False
50402,0,0,0.08950223555402062,True
50114,0,0,0.15336592138262764,True
55462,0,0,0.0866218532394849,True
51048,0,0,0.3337264273880859,True
51043,1,1,0.8329715331671835,True
51157,1,1,0.8406689023604293,True
54092,0,0,0.08951597269135954,True
51519,0,0,0.13587777053518107,True
52501,0,0,0.08196722778457938,True
55009,0,0,0.15677278446851786,True
54021,0,0,0.1672756560509942,True
54104,0,1,0.8296938036978142,False
55061,0,0,0.16551975086494916,True
52605,0,0,0.12136533241539771,True
52069,0,0,0.1528663026087811,True
50265,0,0,0.2627725307029075,True
54157,0,0,0.20871713413097115,True
55420,0,0,0.11070697853973624,True
52647,0,0,0.08212072644435976,True
51173,1,1,0.6476641545815494,True
54538,0,0,0.12861289411825835,True
54803,0,0,0.18603643378226892,True
51590,0,0,0.08845714917207079,True
53918,0,0,0.14851165500703392,True
50792,0,0,0.19588789107929108,True
54986,0,0,0.18369026021753107,True
52745,0,0,0.13802704591752676,True
52228,0,0,0.23920757586293084,True
51544,0,0,0.14887628263074665,True
52474,0,0,0.14887220075866778,True
55520,0,0,0.2000914286990142,True
50218,0,0,0.2695161043540995,True
50888,1,1,0.6861498395707061,True
50318,0,0,0.371339472844209,True
53426,0,0,0.1055140921199246,True
53908,0,0,0.44183868418928574,True
53697,1,1,0.7964562283191101,True
50332,0,1,0.757369234127904,False
54075,0,0,0.3449555276508044,True
52181,0,0,0.29251704623800834,True
50011,1,0,0.27647148356762224,False
51581,0,0,0.23130774950328262,True
50326,0,0,0.44140446122002186,True
51805,0,0,0.17361584440800237,True
53415,0,1,0.5716264412429393,False
53487,1,1,0.8268686746789539,True
53835,0,0,0.4056966400686426,True
52789,0,0,0.09339527839836886,True
51699,0,0,0.15090743523616224,True
52307,0,0,0.33461067988093496,True
53601,0,1,0.5468013940129514,False
53399,0,0,0.1826369692025852,True
53521,0,0,0.33640356062397553,True
55272,1,0,0.25095300284098393,False
54969,0,0,0.20386711024632917,True
54257,0,0,0.45413925969858376,True
51066,0,0,0.09857807858782568,True
53961,0,0,0.2699907582898133,True
53395,0,0,0.33718551856981205,True
51316,0,0,0.12684197197996236,True
55177,1,1,0.8176856632987185,True
50308,0,0,0.18876881255693928,True
51984,0,1,0.6563609364595346,False
51897,0,0,0.14874175135109385,True
51219,0,0,0.4453883216675683,True
54180,0,0,0.3086578332730526,True
52440,0,0,0.2584805634110739,True
52149,0,0,0.3064255167133559,True
55431,0,0,0.2735201700545191,True
52483,0,1,0.8548971258122883,False
52646,0,0,0.13579944858965212,True
54940,1,1,0.5515521340685455,True
51528,1,1,0.6390902656917247,True
53475,0,0,0.18481585403867723,True
51398,0,0,0.253517527480237,True
52192,0,0,0.17131389347066725,True
52949,0,0,0.14068393135802532,True
50422,0,0,0.4602738653287289,True
51773,0,0,0.15021314081207793,True
53532,0,1,0.7488717356321583,False
54512,0,0,0.15506386957925275,True
51831,0,0,0.2764744721169037,True
50421,0,0,0.23529532039766266,True
50199,1,1,0.9010121325550415,True
54547,0,0,0.19607400679750256,True
51363,0,1,0.8037871784622128,False
51310,0,0,0.20635213333800467,True
50886,0,0,0.05176505313582936,True
52490,0,0,0.34957492058856554,True
52225,0,0,0.06403959162319578,True
54901,0,0,0.1104816596247106,True
51896,0,1,0.6906406168386036,False
53619,1,0,0.3236850825988881,False
54054,0,0,0.14424509306013833,True
54202,0,1,0.6927355157061617,False
50584,0,0,0.1522752787689651,True
51548,0,1,0.6127822137071822,False
53995,0,0,0.19508155477385572,True
51260,0,0,0.3209630101961618,True
51565,0,0,0.059609799174401165,True
55161,0,0,0.145697765602897,True
53165,0,1,0.7482987895168961,False
54957,1,1,0.8158632988787589,True
53250,0,0,0.40320924604422237,True
53678,0,0,0.11659717257747078,True
54873,0,0,0.14988643074648242,True
55316,0,0,0.10506708666123156,True
54385,0,0,0.1550400713048878,True
53140,0,0,0.15054599885266468,True
50030,0,0,0.3087114540324556,True
54080,0,0,0.15494964311237483,True
54192,0,0,0.08261316626842005,True
55104,0,0,0.19161224282927328,True
53355,0,0,0.0923765328362422,True
51016,0,0,0.11716000218223246,True
51256,0,0,0.20355870978510915,True
53112,1,1,0.7398311536419654,True
55103,0,0,0.20429753554590938,True
50263,0,0,0.12539488708301766,True
55390,0,0,0.12446190456923269,True
51388,1,1,0.5709111835395135,True
50821,0,0,0.13476887203428306,True
50473,0,0,0.13914047954429998,True
50485,0,0,0.10992701347493798,True
51318,1,1,0.8433976283122244,True
51437,0,0,0.30434740549152484,True
51242,0,0,0.2690355516345686,True
50324,0,0,0.08855831477114312,True
50256,0,1,0.6818302407389851,False
50669,0,0,0.19949916238710627,True
55338,0,0,0.11615640878103789,True
54801,0,0,0.49118289205907045,True
55239,0,0,0.10775152489158328,True
55615,0,0,0.2084048943831972,True
53252,0,0,0.10319487330523923,True
54775,1,1,0.815522370811446,True
54329,0,0,0.21579445864771485,True
51574,0,0,0.24570636718707298,True
52720,0,0,0.09478233232495682,True
52413,0,0,0.20768093205475527,True
50013,1,1,0.8680684974527001,True
53859,0,1,0.7894422214202809,False
52030,0,0,0.25382755267952467,True
54750,1,1,0.8547145208588582,True
51393,0,0,0.24098979933697912,True
53371,0,0,0.13243258016624088,True
50602,0,0,0.10616491397136825,True
51757,0,0,0.04823597345421257,True
55403,0,0,0.26090074013821074,True
54709,0,0,0.19968618899905935,True
50576,1,0,0.49877835621597966,False
53445,0,0,0.21461007023804207,True
53485,0,0,0.13834117347070735,True
54288,1,1,0.9546850719611117,True
53138,0,0,0.19530934553679738,True
51389,0,1,0.7450337981492788,False
51990,0,0,0.49088234359900346,True
50502,0,0,0.13442384542471328,True
50815,1,1,0.6308332550292844,True
55290,0,0,0.1661204796225065,True
51543,0,0,0.08409102645916301,True
54914,0,0,0.274237493573677,True
50381,0,1,0.7912443618195817,False
55555,0,0,0.2691426074875462,True
55519,0,0,0.25208179089063243,True
53101,0,0,0.22080116671623212,True
51475,0,0,0.08501456277050065,True
52094,1,1,0.9209988577700632,True
53676,1,1,0.7743797132748873,True
51293,0,0,0.11333382042274323,True
53335,0,0,0.46198562490774775,True
54625,0,0,0.1888269064500437,True
53092,0,0,0.10055495870710279,True
54392,0,0,0.1371154733977746,True
55022,0,0,0.20228691154389822,True
51649,0,0,0.2229559649718107,True
50936,1,1,0.9351396038933353,True
53256,0,1,0.6021587604122778,False
52977,1,1,0.6007056440589414,True
52239,0,0,0.0888558980147836,True
52676,0,0,0.179295469131408,True
52120,0,0,0.06959614813735361,True
53449,0,0,0.12063719296961416,True
55176,0,0,0.2476863763865539,True
50301,0,0,0.08114776112805952,True
51951,0,0,0.1238924710827228,True
51058,0,0,0.10325942920111032,True
51176,0,0,0.1444484488949024,True
51904,0,0,0.11533494779062585,True
52493,0,0,0.10441215365557904,True
53968,0,0,0.24076860861497745,True
51924,0,0,0.2526777628611616,True
55347,1,1,0.8585294509674068,True
50159,0,0,0.07029483508406702,True
52203,1,1,0.5797401203909193,True
54500,0,1,0.5344841315312118,False
51968,0,0,0.12315848972363025,True
53329,0,1,0.5336348996872485,False
50176,0,0,0.19603548371647123,True
53716,0,1,0.5945038292216616,False
51971,0,0,0.42227776628893077,True
53310,0,0,0.10820503299501608,True
53381,0,0,0.23947797729940679,True
54787,0,0,0.16647024856749368,True
53580,0,1,0.8491769453373421,False
53645,0,0,0.19206940024133667,True
54126,0,0,0.3469785492302821,True
52045,0,0,0.012870513043778932,True
51843,0,0,0.11996222516488132,True
53317,0,0,0.1703860434574791,True
51516,0,1,0.8640770916260032,False
52797,0,0,0.1324958621059179,True
51768,1,1,0.7519947945129287,True
50766,0,0,0.0617621127214405,True
54683,0,0,0.19960152786029198,True
50702,0,0,0.27079097273605757,True
53442,0,0,0.11063013599475686,True
54160,0,0,0.08888929609275538,True
54078,0,0,0.15206953304386495,True
54485,0,0,0.14646527656098662,True
54382,0,0,0.161495015114329,True
53377,0,0,0.3152213250600068,True
53574,0,0,0.11990108622508279,True
54948,0,0,0.06507290749736552,True
51743,0,1,0.7199770305320959,False
54248,0,0,0.07586262394756187,True
51890,0,0,0.2765729955670723,True
55339,0,1,0.6707714241300639,False
55577,0,0,0.1125991292326077,True
52031,0,1,0.6977040064047961,False
52343,1,1,0.9050010850523258,True
52621,0,0,0.1312221671578515,True
51014,0,0,0.14435536667651042,True
54984,0,0,0.16362475380512545,True
54783,0,0,0.19386739167260167,True
55087,0,0,0.39748881962275745,True
50339,1,1,0.9469897635283098,True
52305,0,0,0.10090967931237495,True
51644,0,0,0.3128385285319197,True
51512,0,0,0.2195290356606655,True
50898,0,0,0.21371034968378835,True
54291,0,0,0.1634395513783379,True
54796,0,0,0.19257402443133823,True
52416,0,1,0.51092602994095,False
54628,0,0,0.31857090973793917,True
55245,0,0,0.27297411764776247,True
53749,1,1,0.8355148211522208,True
52498,0,0,0.48270814190507316,True
50612,0,0,0.21126556454086048,True
51312,0,1,0.8852852232039261,False
52349,0,1,0.6473556780825873,False
55018,1,1,0.5175134607310511,True
52581,0,0,0.2772907195940178,True
53451,0,0,0.10743501966972352,True
53229,0,0,0.14226158561813876,True
53259,1,0,0.3870077570497561,False
53473,0,0,0.21310282757148527,True
52243,0,0,0.11468172356036625,True
53969,0,0,0.3494360222920612,True
54156,0,0,0.13001846569965722,True
52995,0,0,0.1856252737168008,True
54649,0,0,0.0674811022006367,True
55463,0,0,0.16367420075887804,True
55625,0,1,0.7323282397889591,False
55139,0,0,0.20539866932118778,True
50286,0,0,0.15078997605860336,True
53517,0,0,0.20220906502980227,True
54400,1,1,0.8231557747933941,True
54618,1,1,0.9603883568980255,True
53306,0,1,0.6659946512763463,False
54073,0,1,0.5262203483026127,False
51583,0,0,0.23168352473244358,True
53508,0,0,0.13450997940648918,True
51847,0,0,0.3645057690974122,True
53363,0,0,0.22020710812948566,True
54127,0,1,0.8751629635558057,False
51299,0,1,0.6141770865732139,False
53433,0,0,0.22651102526466854,True
50725,1,0,0.3930448587475239,False
51095,0,0,0.21645233658649465,True
54048,0,0,0.18425591892033533,True
53254,0,1,0.5504167540761042,False
54759,1,1,0.7107441369700622,True
52844,0,0,0.11289652527732967,True
50335,0,0,0.17361584440800237,True
50994,0,0,0.3410509799606235,True
51534,0,0,0.08118999961091104,True
53196,0,1,0.8368143751795795,False
55154,0,1,0.5865614751709867,False
51858,0,0,0.45267245417860097,True
55409,0,1,0.5372563596035462,False
51479,0,0,0.37265556677860956,True
52728,0,1,0.5704601679344211,False
51238,0,0,0.13340587863894549,True
50078,0,1,0.6127822137071822,False
54832,0,0,0.2296203766526783,True
52123,1,1,0.7350559190329764,True
51728,1,1,0.8080669205647217,True
54493,0,0,0.07496621143647475,True
52240,0,0,0.014872467503348443,True
55612,0,0,0.12490779990198377,True
54427,0,0,0.17095160347635496,True
50287,0,0,0.03937916087211361,True
50756,0,0,0.16991565164352548,True
50180,0,0,0.15545499527117085,True
55182,1,1,0.7575886781215408,True
55578,0,0,0.14418749829149913,True
51130,0,0,0.15136914419490538,True
55124,0,0,0.1864167600049095,True
52920,1,1,0.8741329536791372,True
51296,0,0,0.20422803421995572,True
52468,0,1,0.5149601054311551,False
52449,0,0,0.1919349902412154,True
55147,0,0,0.2650612681161682,True
52877,0,0,0.11984434232544691,True
55491,0,0,0.2514791986411355,True
54879,0,0,0.13673144089257572,True
54680,0,0,0.170736039435933,True
50142,0,0,0.16518657209811674,True
54710,0,0,0.12748346036418795,True
55241,0,0,0.15325742226138098,True
52145,0,0,0.10543210777922171,True
50448,0,0,0.27725167943133167,True
50162,1,1,0.6882438450835444,True
50444,1,0,0.31577296039493147,False
50163,0,0,0.10751859782587997,True
50942,0,0,0.24698978588891138,True
51401,0,0,0.405202617619608,True
50101,0,0,0.39159464529411975,True
50403,0,0,0.15959447325182413,True
50118,0,0,0.14473699369768214,True
51797,0,0,0.2904528270379988,True
54240,0,0,0.13642716752441408,True
52533,0,0,0.08800964498901737,True
55180,0,0,0.24656634594751942,True
53126,1,1,0.8238990839000091,True
54852,0,0,0.495725859592555,True
50817,0,0,0.1562299238306465,True
51616,0,0,0.09950808991343192,True
53622,0,0,0.3852141514094391,True
51302,0,0,0.424304507352633,True
54890,0,0,0.32273526953240195,True
53983,0,0,0.18949334440719134,True
55107,1,1,0.7787070363172214,True
53495,0,0,0.06710853151625282,True
55122,0,0,0.2481682929114736,True
50905,0,0,0.09679130836445443,True
52369,0,0,0.46638155344635573,True
53941,0,0,0.4923964927603371,True
53993,0,0,0.16232878372380583,True
54817,1,1,0.8332769831221009,True
52390,0,0,0.05490633322111385,True
52317,0,0,0.1040057139917016,True
54770,0,0,0.10517929067457434,True
53474,0,0,0.13163115736104888,True
53947,0,0,0.1342189296780856,True
53436,0,0,0.1244412062902938,True
52721,1,1,0.8606874274832071,True
52630,0,0,0.1536983817091129,True
50827,0,0,0.21409171898215015,True
50536,1,1,0.5749535017257882,True
52000,0,0,0.1486154797086349,True
54746,1,1,0.7473491667871116,True
51190,0,0,0.14231661488596153,True
52565,0,0,0.21529044635711425,True
52235,0,1,0.6027792395003054,False
54885,0,1,0.571216238476849,False
50258,1,1,0.8080669205647217,True
55540,1,1,0.8041928189268366,True
50765,0,1,0.5916857335491977,False
52864,0,0,0.14526477619823702,True
54342,0,0,0.20524523038077738,True
52732,0,1,0.6856729653122775,False
54100,0,0,0.13618628741074387,True
53610,0,0,0.12684195858209577,True
54981,0,0,0.16267230545589723,True
54804,0,0,0.05255377549692744,True
54972,0,0,0.3397008266857559,True
52558,0,0,0.18762912651481858,True
50446,0,0,0.07637369452787907,True
53592,0,0,0.3315933784869249,True
54806,1,1,0.8548687079550206,True
53267,0,0,0.18922798777069186,True
55143,0,0,0.1876155517115516,True
50058,1,1,0.6390902656917247,True
53162,0,0,0.15103248287881377,True
53217,0,0,0.1235149472112518,True
54365,1,1,0.5514115903298923,True
50134,0,0,0.22106792750688725,True
52017,0,1,0.5390733253027086,False
52644,1,0,0.23851855122487906,False
51476,0,0,0.16777291700998023,True
50357,0,0,0.39778572124088973,True
54894,0,0,0.4095751957800073,True
50607,1,1,0.9136835812662188,True
50260,0,0,0.30168353244919754,True
55563,0,1,0.607951486990631,False
52223,0,0,0.10488860900702057,True
54871,0,0,0.2922716217250251,True
53509,0,0,0.15941594307840282,True
54990,1,1,0.8656343673200684,True
51624,0,0,0.4526534778813139,True
51194,0,0,0.15424199456679,True
52800,0,0,0.22079881651839692,True
54962,1,1,0.6264902101851405,True
55622,1,1,0.5753443133343153,True
52756,0,0,0.11080205275668029,True
53289,1,1,0.6983492256451737,True
50799,0,0,0.1516356148458927,True
54263,1,1,0.8780694906577206,True
52208,0,1,0.5742641815490308,False
53808,0,0,0.1276651084769572,True
51603,0,0,0.09135650919074187,True
50758,0,0,0.23563527994066902,True
55235,0,0,0.23123519225680758,True
52098,1,1,0.7491101112980567,True
52060,0,0,0.06511560644051802,True
53528,0,0,0.13351402866730308,True
50773,0,0,0.10590811734368603,True
51861,0,0,0.48618799863538575,True
52079,0,0,0.42931489589610267,True
52391,0,0,0.20129342440189762,True
51045,0,1,0.6191867693258842,False
54898,0,0,0.09749337609258563,True
50698,0,0,0.15964626587845354,True
54631,0,1,0.5420879403090777,False
50244,1,1,0.5878833981384849,True
50064,0,0,0.09422648153212182,True
54430,0,0,0.12355399784416195,True
50179,0,0,0.2534960738847019,True
51292,0,0,0.10714365679744071,True
53135,0,0,0.17925698265504603,True
51909,0,0,0.48715657404264207,True
54182,1,1,0.7883408653822547,True
53432,0,0,0.20674457691379378,True
51517,1,1,0.9169086883903439,True
50206,0,0,0.11670147461970785,True
55271,1,1,0.8583465134827452,True
50247,0,0,0.31459904172101794,True
50718,1,1,0.8533199451962571,True
52748,0,1,0.6398535932119639,False
51932,0,1,0.7529233323252789,False
55200,1,1,0.6146034890164603,True
55541,0,0,0.13934589401504432,True
50166,0,0,0.2425010839289656,True
52364,0,0,0.09868692885326891,True
53511,0,0,0.16145279326077527,True
52599,0,0,0.3151660361619311,True
55202,0,0,0.3106032493194895,True
54953,1,1,0.7335766432855196,True
51552,0,1,0.7059094169923603,False
54277,0,0,0.15465533200582546,True
55273,1,0,0.2791525320978951,False
55110,0,0,0.08069588149013004,True
52092,0,0,0.12131790152177592,True
53311,0,0,0.24067592361771978,True
53629,0,0,0.11818462287105792,True
50701,0,0,0.2125041334504246,True
50649,0,0,0.25628771675025475,True
53849,0,0,0.08503427683589657,True
55507,0,0,0.08772939206295857,True
52582,1,1,0.8917714636767137,True
54232,0,0,0.13842638864550025,True
50080,1,1,0.7086296068908912,True
52423,1,1,0.8522878995447394,True
50297,1,1,0.7893001092321832,True
52963,0,0,0.17220876524984136,True
54589,0,0,0.11433067536162966,True
53005,0,0,0.2672604113118696,True
50835,0,0,0.09075578119387595,True
50182,0,0,0.12655184014829005,True
50988,1,1,0.5252921456211102,True
55068,0,0,0.1971752944490779,True
51068,0,0,0.31066111529734247,True
53561,0,0,0.33164028266531304,True
50056,0,1,0.5257147653626423,False
54808,0,0,0.17938784957608755,True
53016,0,0,0.21261295048145673,True
50750,0,0,0.14719535440199547,True
52576,0,1,0.6281696079213777,False
51005,0,0,0.14706940646146582,True
53669,0,0,0.1473496681566855,True
54250,1,0,0.4361524183759214,False
53009,0,1,0.8790911763698435,False
55451,1,1,0.7091737077935025,True
51651,0,0,0.16454925997566455,True
55306,0,0,0.18019627934828253,True
52698,0,0,0.06775247876189093,True
50292,0,1,0.6497420145821706,False
53719,0,0,0.38162321583614217,True
51136,0,0,0.2939336092593632,True
54284,0,0,0.07008452626906563,True
53780,0,0,0.08532823423442921,True
55413,0,0,0.31385605044267173,True
50627,0,0,0.1046718051119337,True
52584,0,1,0.6929998430759574,False
51894,0,0,0.17036635255888236,True
52504,0,0,0.072525380545603,True
51550,1,1,0.743336608710665,True
51592,0,0,0.12813052356947774,True
52569,1,0,0.49266433782859365,False
52334,0,0,0.08118780079042237,True
53738,0,0,0.19402757374042015,True
55274,0,0,0.2245384711515192,True
53497,0,0,0.10129173411492723,True
55387,0,0,0.2839600850824588,True
51279,0,0,0.2576586311345158,True
52381,0,0,0.3709861828212955,True
50753,0,0,0.10355252125600627,True
52290,0,0,0.42598515426084,True
53804,0,0,0.22340794527743013,True
52865,0,0,0.23976887751290998,True
52538,0,0,0.3160999289659434,True
54215,0,1,0.7607466251956587,False
51521,0,0,0.27188959674390617,True
54913,1,1,0.7123266597042013,True
51857,0,0,0.13672199953699185,True
53584,0,0,0.1305225945731484,True
53307,0,0,0.07508477038814693,True
54918,0,0,0.21079287248299342,True
54335,0,0,0.23976887751290998,True
52764,0,0,0.08878062556605842,True
52281,0,0,0.1019918664321168,True
50931,0,0,0.19778645540745252,True
54870,1,1,0.905722597381432,True
50719,0,0,0.42721442335043064,True
52968,0,0,0.16052006780310354,True
50960,0,0,0.37055052341455946,True
51612,0,0,0.14187315287606084,True
54158,0,1,0.5283655840629876,False
52128,0,0,0.13013039830412773,True
53406,0,0,0.19617963131254296,True
52512,0,0,0.09009906388552683,True
50553,0,0,0.14264479243735106,True
52992,0,1,0.7691527715267936,False
52900,0,0,0.20063602798966415,True
52420,0,0,0.31150823632002256,True
54293,1,1,0.8277324825477416,True
53778,0,0,0.4425062060369514,True
54939,0,0,0.21885698720402239,True
52677,0,0,0.10050347077400264,True
50488,0,1,0.5531206810293057,False
54964,0,0,0.2149642244984637,True
54739,0,0,0.24250669490726673,True
54369,0,0,0.15032313207019612,True
55082,0,1,0.6056369317708287,False
52397,0,0,0.2357539840907371,True
51844,0,1,0.5854841282006542,False
54026,0,0,0.11537753283590846,True
50569,1,1,0.8657213965941248,True
51339,0,0,0.26450785440214536,True
50774,0,0,0.14359440720211278,True
55132,0,0,0.03218974817646042,True
55447,0,0,0.136177576118804,True
52456,1,1,0.7390321554687607,True
55481,0,0,0.15172319908098367,True
54298,0,0,0.21690964827434076,True
54508,0,0,0.27674660748892305,True
52586,0,0,0.06993073249629382,True
50213,0,0,0.2198128636591025,True
51407,0,0,0.1359575548203586,True
50187,0,0,0.15880859339303305,True
50510,0,1,0.7216815319858536,False
52692,0,0,0.0645922998654557,True
52484,0,0,0.1436516821928571,True
53300,0,0,0.10807499697708306,True
55623,0,0,0.23774115911305638,True
51295,0,0,0.20128260055540514,True
52575,0,0,0.11235246225006118,True
52230,0,0,0.16084568007491196,True
53121,0,0,0.23293747370157156,True
52766,0,0,0.20422803421995572,True
53286,1,0,0.4341024658320285,False
52241,0,0,0.279680298128849,True
53367,0,0,0.10406175315088773,True
52465,0,0,0.1576945792692828,True
55314,1,1,0.8908300010037951,True
50619,0,0,0.06858231979571389,True
50474,1,1,0.794337307243207,True
54098,0,1,0.5664582593876628,False
52776,0,0,0.17566058857453226,True
54744,0,0,0.23313848119108868,True
51094,0,0,0.32214521296514786,True
53425,0,1,0.6463521154890494,False
52077,1,1,0.9184754198770154,True
55063,0,1,0.5382455746927818,False
54372,0,0,0.344156714244106,True
53008,1,0,0.25882506789395715,False
54652,0,0,0.15291011276203986,True
51298,0,1,0.5394442237011066,False
52871,0,1,0.5190543212497859,False
54642,0,0,0.34543232038485366,True
54563,0,0,0.30129935629301824,True
51133,1,1,0.8416852159937998,True
55047,0,0,0.40025016209388836,True
53359,0,0,0.23880164658540784,True
55398,1,1,0.8053393759166438,True
53992,0,0,0.14100857756727123,True
53278,0,0,0.05604859058384673,True
52898,0,0,0.14336539321631292,True
52973,0,0,0.20427697535453962,True
50196,0,1,0.7364875081329164,False
53836,0,0,0.18019627934828253,True
51811,0,0,0.2139602308481896,True
53714,0,0,0.16912380298771723,True
51730,0,0,0.2944553355902,True
53840,0,1,0.6029979823919918,False
54040,0,1,0.8398767999154475,False
52015,1,1,0.6745197664433935,True
54630,1,1,0.6897686079541472,True
53397,1,1,0.7457260295017712,True
52890,0,0,0.13728269286957462,True
50267,0,0,0.11140153052159565,True
52741,1,1,0.7726291882907218,True
53590,0,0,0.07473280506495546,True
50887,0,0,0.4575035126675433,True
52418,0,0,0.11936813167366084,True
52348,0,0,0.2241768353625591,True
50853,0,0,0.4823324288110169,True
53505,0,0,0.12677391538221092,True
51123,0,0,0.13655447122036618,True
54206,1,0,0.2245631482959767,False
53319,0,0,0.23960657637179467,True
55031,0,0,0.25944300877001464,True
54910,1,0,0.3494640366138301,False
50901,0,1,0.6586071451864051,False
54455,0,0,0.3895624099306948,True
51570,0,0,0.13305907501147243,True
50826,0,0,0.31706036056790265,True
52408,0,0,0.3014149189579822,True
53910,0,0,0.2632480449204889,True
54535,0,0,0.21453760788183188,True
50008,1,1,0.5738545305998399,True
51658,0,0,0.3946519799843708,True
50949,0,0,0.47714165893699056,True
54532,0,0,0.2863711383565069,True
53349,0,0,0.42110058607190815,True
54018,0,0,0.11920305020769688,True
54848,0,0,0.15235774496989485,True
54276,0,0,0.3059589596136833,True
53086,0,0,0.17880447751990428,True
50032,0,1,0.7302990387095255,False
52213,0,0,0.036345914778741634,True
50881,0,0,0.22707299081102406,True
53265,0,0,0.12981735565079655,True
51706,0,0,0.05272420028547887,True
50697,0,0,0.14563023446186335,True
53933,0,0,0.21695107244126546,True
54866,0,0,0.24303831297758108,True
54595,0,0,0.1836957091884283,True
50918,0,0,0.2088192707459861,True
52383,0,0,0.17052761879299042,True
53384,1,1,0.8067916707429649,True
51169,0,0,0.28116460389322495,True
52788,1,1,0.8513488510025776,True
52244,0,0,0.11191579095157206,True
55531,0,0,0.13269191107739023,True
50186,0,0,0.2837054227811012,True
50861,1,1,0.8050283118505932,True
55407,1,1,0.677737191717126,True
52444,0,0,0.09342587479474913,True
53704,0,0,0.26807050715632913,True
54393,0,0,0.11819754350418972,True
52476,0,0,0.11540026976573065,True
53639,0,0,0.34270971917606774,True
53784,0,0,0.25762547477727116,True
53698,1,1,0.7974088327229878,True
52052,1,1,0.7243023296807505,True
51394,0,0,0.35592788499425004,True
55036,0,0,0.23128024045480194,True
55331,0,1,0.6249081917666451,False
53720,0,0,0.1050530892541285,True
51278,0,1,0.6424100608988662,False
53299,1,0,0.30622905551864377,False
52023,0,0,0.13173979828768068,True
50140,1,1,0.7709050415829826,True
54223,0,0,0.27042253031678043,True
54454,1,1,0.8569027514848616,True
54480,0,0,0.24429311393338896,True
50970,0,0,0.19375710887875083,True
50420,0,0,0.28982731762306846,True
52654,0,0,0.1464059943333694,True
51012,1,1,0.9244371032247279,True
51673,1,0,0.46154727489914604,False
54023,1,1,0.9271301921265284,True
55084,0,0,0.16565483471829848,True
54994,0,1,0.5604523004816495,False
52770,0,0,0.09984499230397162,True
51171,0,0,0.3395393219049303,True
54190,0,0,0.23648672365512752,True
54507,0,0,0.2761551391433287,True
51386,0,0,0.4475156375989734,True
53276,1,1,0.765138869059995,True
51686,0,0,0.09665772910052021,True
54571,0,0,0.22040657879223244,True
52602,0,0,0.1859903562047916,True
52867,0,0,0.15793018125334796,True
50036,0,1,0.5674701011146971,False
50192,0,0,0.231148205324112,True
53842,0,0,0.33082226072389553,True
51309,0,1,0.689384824812831,False
54499,0,0,0.16765588306312623,True
51598,0,0,0.22113571792253997,True
51411,0,0,0.03332776838126616,True
51783,0,0,0.29089509364202626,True
50484,1,0,0.31563579954397025,False
51249,0,0,0.22518485882496825,True
50940,0,0,0.25759336578607056,True
54171,0,0,0.1360954063792652,True
51346,1,1,0.5050819938603882,True
52661,0,0,0.20409116751050957,True
50944,1,1,0.9058261316878354,True
53029,0,0,0.16765588306312623,True
50582,1,1,0.7243023296807505,True
51655,0,0,0.3888438642386439,True
53527,1,1,0.7196791718188009,True
54469,0,0,0.09770992917233597,True
55052,0,0,0.14199488255988624,True
52170,0,0,0.21910641018848853,True
55046,0,0,0.4599950295899549,True
53777,0,0,0.13344495588079455,True
50636,0,0,0.11089778429166378,True
52074,0,0,0.12546296034183776,True
50454,0,0,0.2508517373541016,True
52679,1,0,0.35631712260001613,False
55396,0,0,0.24910087785881452,True
55450,0,0,0.21463918333849727,True
54043,0,0,0.06603801977569297,True
53765,0,0,0.236455099664215,True
55264,0,0,0.19839394835266067,True
53974,0,0,0.14911338660712364,True
50844,0,0,0.17976943073629326,True
55222,0,1,0.7772457217794,False
52199,0,1,0.806453226035445,False
50651,0,0,0.23996507426641017,True
55436,0,0,0.061454707288771185,True
51677,0,1,0.6471578806666675,False
55184,0,0,0.1448028065037569,True
55165,0,1,0.5675550854312442,False
50590,0,0,0.059628277005820164,True
53631,1,0,0.3864144952953775,False
52026,0,0,0.28062352334403956,True
51049,0,0,0.16888467186957215,True
52283,0,0,0.2314496167616973,True
54722,0,0,0.07972263775791064,True
53104,0,0,0.10877601232462043,True
53091,0,0,0.16739323628351635,True
50416,1,1,0.7485718577013768,True
51930,0,0,0.1314995430319177,True
50661,0,0,0.24271246800920726,True
53364,0,1,0.5271143155223565,False
54601,1,1,0.868866841054979,True
50097,0,0,0.27045554250228804,True
52024,0,0,0.3586742453033792,True
53234,0,0,0.19562669801586544,True
52880,0,0,0.0435826265807261,True
50650,0,0,0.06959614813735361,True
54151,0,0,0.3276912034554378,True
51419,0,0,0.09144179082106481,True
53013,0,0,0.17200900060804958,True
51444,0,0,0.08689713493738159,True
50296,0,0,0.22379212644454274,True
52202,0,1,0.6402025514159522,False
51457,1,1,0.8584231470248832,True
52280,0,0,0.32639659992967424,True
52118,0,0,0.06945488334176489,True
55575,0,0,0.3188185941334257,True
53797,1,1,0.6621095695119423,True
51421,0,0,0.10217788277085713,True
50512,1,1,0.6742362363894947,True
51507,0,0,0.326443429671954,True
54057,0,0,0.25494778121843054,True
52006,1,1,0.5730765874368415,True
53693,0,0,0.24465420367052995,True
50865,0,0,0.49580354302552004,True
53811,0,0,0.21420601739046702,True
54164,0,1,0.5610335193957345,False
53727,1,1,0.8660724704315048,True
50589,0,0,0.16777280223272314,True
51792,0,0,0.18039132328442695,True
52091,0,0,0.06867031136698615,True
50248,0,0,0.2448631282613609,True
55471,0,0,0.0615678200853914,True
50418,0,0,0.323330757715133,True
53949,0,0,0.3439273165015232,True
52526,0,0,0.4965860310021332,True
50193,1,0,0.26994391138850526,False
52943,0,0,0.21702971011517286,True
50073,0,0,0.08409102645916301,True
54542,0,0,0.32015484874403116,True
53514,0,0,0.16331225380512546,True
52922,0,0,0.14856467147858532,True
52022,0,0,0.11372973959498855,True
54923,1,1,0.8581344622599874,True
50089,0,0,0.13908833877585738,True
52950,1,1,0.7829921449324739,True
50461,1,1,0.7427507918905519,True
53069,1,1,0.8348963258223353,True
55588,0,0,0.2681591621118728,True
50161,0,0,0.2905765869417954,True
53755,0,0,0.133878965645321,True
51892,0,0,0.44035369543671243,True
51124,0,1,0.5453897713819192,False
53549,0,0,0.04210024842662871,True
50471,1,0,0.4722804024852447,False
50031,0,0,0.11936666306877543,True
53188,0,0,0.1828115925983788,True
50043,0,0,0.2325206136716789,True
50307,0,0,0.1146240832268855,True
53796,0,0,0.18383555006773647,True
55075,0,0,0.09748023233389187,True
54320,0,0,0.26541579085489114,True
50775,0,0,0.06984850188891134,True
52801,0,0,0.20648872205421134,True
53447,0,0,0.3552033536174789,True
53929,0,1,0.6711175540949121,False
54995,0,0,0.14420505329558217,True
53739,0,0,0.20416268702680226,True
51038,1,1,0.8879835310184946,True
53871,0,0,0.20180377797928137,True
52642,0,0,0.27873193751903697,True
53070,0,0,0.05548817207310848,True
54366,1,1,0.6014543912649583,True
53459,0,0,0.2846982335123051,True
54929,0,0,0.2326248213511857,True
54633,0,0,0.11087333446926274,True
54473,0,0,0.4028517374541105,True
52399,0,0,0.04529800244959575,True
55173,1,1,0.8328612779337883,True
52007,0,0,0.09629143790998469,True
52187,0,1,0.7808164125492829,False
51406,0,0,0.1592356694358864,True
53543,0,0,0.15771041664318422,True
54209,0,0,0.3310596067804398,True
55437,0,0,0.14169270234064327,True
51243,0,0,0.3074169818529982,True
50563,0,0,0.1561099025124729,True
55616,0,0,0.19198174294047182,True
50493,0,0,0.09389667538510761,True
53582,0,0,0.21770273597967688,True
52475,0,0,0.14706940646146582,True
50711,0,0,0.29251704623800834,True
53052,0,0,0.3459015280041304,True
52466,0,0,0.2037051635068793,True
51964,0,1,0.7317258954582067,False
54243,0,0,0.09702749805828499,True
55485,0,0,0.25855263440605913,True
51247,0,0,0.12178059877422345,True
52974,0,0,0.0587302038958491,True
53937,1,1,0.677737191717126,True
51039,0,0,0.16705138100299657,True
54176,0,0,0.27067421322527424,True
51765,0,0,0.24361105971919017,True
50952,0,0,0.031949998568863165,True
53893,0,0,0.1310537555755083,True
52251,0,0,0.16003941243516398,True
50479,0,1,0.5044237528510531,False
53753,0,0,0.3681218489998871,True
52891,0,1,0.6550024645423694,False
53177,0,0,0.3665191132493976,True
53671,1,1,0.7989793689450786,True
53393,0,0,0.366748940274939,True
51585,1,1,0.8267868214630407,True
54510,0,0,0.19370498149722054,True
50382,0,0,0.1564704579454936,True
50329,1,1,0.9169252114854964,True
50896,0,0,0.20128368752181225,True
55581,0,0,0.19864137258126896,True
54468,0,0,0.19112459329045373,True
52042,0,0,0.05839730257889264,True
54363,0,1,0.514491087903746,False
52488,0,0,0.15143077711844113,True
55064,0,0,0.2837062870980058,True
51959,0,0,0.1493200297045151,True
51315,0,0,0.26010936356352327,True
