CustomerID,actual_churn,predicted_churn,churn_probability,prediction_correct
54618,1,1,0.9603883568980255,True
54288,1,1,0.9546850719611117,True
50339,1,1,0.9469897635283098,True
51215,1,1,0.9399348006453357,True
50936,1,1,0.9351396038933353,True
53751,1,1,0.9348699388725437,True
54023,1,1,0.9271301921265284,True
51012,1,1,0.9244371032247279,True
52094,1,1,0.9209988577700632,True
52077,1,1,0.9184754198770154,True
50329,1,1,0.9169252114854964,True
51517,1,1,0.9169086883903439,True
50607,1,1,0.9136835812662188,True
50808,1,1,0.910893857368346,True
50944,1,1,0.9058261316878354,True
54870,1,1,0.905722597381432,True
52343,1,1,0.9050010850523258,True
50199,1,1,0.9010121325550415,True
55434,1,1,0.8997225497266197,True
51803,1,1,0.8962706012150826,True
51510,0,1,0.8928804481395965,False
52582,1,1,0.8917714636767137,True
55314,1,1,0.8908300010037951,True
51038,1,1,0.8879835310184946,True
50933,1,1,0.8852949979194982,True
51312,0,1,0.8852852232039261,False
50014,1,1,0.8812563925169706,True
53009,0,1,0.8790911763698435,False
55229,1,1,0.8785166564992848,True
54263,1,1,0.8780694906577206,True
54127,0,1,0.8751629635558057,False
50438,1,1,0.8749111891818079,True
52920,1,1,0.8741329536791372,True
54601,1,1,0.868866841054979,True
50013,1,1,0.8680684974527001,True
53727,1,1,0.8660724704315048,True
50569,1,1,0.8657213965941248,True
54990,1,1,0.8656343673200684,True
51516,0,1,0.8640770916260032,False
51348,1,1,0.8632362006545109,True
52353,1,1,0.8629585824619876,True
52721,1,1,0.8606874274832071,True
50355,1,1,0.8596079443768666,True
55347,1,1,0.8585294509674068,True
51457,1,1,0.8584231470248832,True
55362,1,1,0.8583759583484875,True
55271,1,1,0.8583465134827452,True
54923,1,1,0.8581344622599874,True
54454,1,1,0.8569027514848616,True
52483,0,1,0.8548971258122883,False
54806,1,1,0.8548687079550206,True
54750,1,1,0.8547145208588582,True
50718,1,1,0.8533199451962571,True
52423,1,1,0.8522878995447394,True
52788,1,1,0.8513488510025776,True
53580,0,1,0.8491769453373421,False
51473,1,1,0.8466655850292039,True
51318,1,1,0.8433976283122244,True
51133,1,1,0.8416852159937998,True
53305,1,1,0.841624363568182,True
51157,1,1,0.8406689023604293,True
54040,0,1,0.8398767999154475,False
52617,1,1,0.8376406662194973,True
54497,1,1,0.8372407072398087,True
52513,1,1,0.8371452327048476,True
52126,1,1,0.8369415006332835,True
53196,0,1,0.8368143751795795,False
53749,1,1,0.8355148211522208,True
53069,1,1,0.8348963258223353,True
54817,1,1,0.8332769831221009,True
51043,1,1,0.8329715331671835,True
55173,1,1,0.8328612779337883,True
54104,0,1,0.8296938036978142,False
54293,1,1,0.8277324825477416,True
53487,1,1,0.8268686746789539,True
51585,1,1,0.8267868214630407,True
53126,1,1,0.8238990839000091,True
54400,1,1,0.8231557747933941,True
53707,1,1,0.8176856632987185,True
55177,1,1,0.8176856632987185,True
54957,1,1,0.8158632988787589,True
54775,1,1,0.815522370811446,True
50258,1,1,0.8080669205647217,True
51728,1,1,0.8080669205647217,True
53384,1,1,0.8067916707429649,True
52199,0,1,0.806453226035445,False
55398,1,1,0.8053393759166438,True
50861,1,1,0.8050283118505932,True
55540,1,1,0.8041928189268366,True
51363,0,1,0.8037871784622128,False
53671,1,1,0.7989793689450786,True
53698,1,1,0.7974088327229878,True
53697,1,1,0.7964562283191101,True
50474,1,1,0.794337307243207,True
50381,0,1,0.7912443618195817,False
50768,1,1,0.7899874565456417,True
53859,0,1,0.7894422214202809,False
50297,1,1,0.7893001092321832,True
54182,1,1,0.7883408653822547,True
52950,1,1,0.7829921449324739,True
52187,0,1,0.7808164125492829,False
55107,1,1,0.7787070363172214,True
54425,1,1,0.7783033061912511,True
55222,0,1,0.7772457217794,False
53676,1,1,0.7743797132748873,True
52741,1,1,0.7726291882907218,True
50140,1,1,0.7709050415829826,True
52992,0,1,0.7691527715267936,False
53276,1,1,0.765138869059995,True
50298,1,1,0.7624596924515998,True
54215,0,1,0.7607466251956587,False
55182,1,1,0.7575886781215408,True
50332,0,1,0.757369234127904,False
54893,1,1,0.7535654853901659,True
51932,0,1,0.7529233323252789,False
51768,1,1,0.7519947945129287,True
52098,1,1,0.7491101112980567,True
53532,0,1,0.7488717356321583,False
50416,1,1,0.7485718577013768,True
54203,1,1,0.7483824682683486,True
53165,0,1,0.7482987895168961,False
54746,1,1,0.7473491667871116,True
53397,1,1,0.7457260295017712,True
50261,1,1,0.7456870179308339,True
51389,0,1,0.7450337981492788,False
53277,0,1,0.7444528443945735,False
51550,1,1,0.743336608710665,True
50461,1,1,0.7427507918905519,True
53112,1,1,0.7398311536419654,True
55217,1,1,0.7395218808905287,True
52456,1,1,0.7390321554687607,True
50196,0,1,0.7364875081329164,False
52123,1,1,0.7350559190329764,True
54953,1,1,0.7335766432855196,True
55625,0,1,0.7323282397889591,False
51964,0,1,0.7317258954582067,False
50032,0,1,0.7302990387095255,False
53600,0,1,0.7292557378228292,False
55499,1,1,0.7264117289164288,True
52052,1,1,0.7243023296807505,True
50582,1,1,0.7243023296807505,True
50510,0,1,0.7216815319858536,False
51743,0,1,0.7199770305320959,False
53527,1,1,0.7196791718188009,True
54637,0,1,0.7164662589480784,False
54913,1,1,0.7123266597042013,True
54759,1,1,0.7107441369700622,True
55451,1,1,0.7091737077935025,True
50080,1,1,0.7086296068908912,True
51552,0,1,0.7059094169923603,False
51214,1,1,0.7052473535249406,True
52009,1,1,0.7033694362813385,True
53289,1,1,0.6983492256451737,True
51842,0,1,0.6980571417616983,False
52031,0,1,0.6977040064047961,False
52584,0,1,0.6929998430759574,False
55473,1,1,0.6929684584621657,True
54202,0,1,0.6927355157061617,False
51896,0,1,0.6906406168386036,False
50112,1,1,0.6902247732013582,True
54630,1,1,0.6897686079541472,True
51309,0,1,0.689384824812831,False
50162,1,1,0.6882438450835444,True
50888,1,1,0.6861498395707061,True
52732,0,1,0.6856729653122775,False
53666,1,1,0.6856676056810991,True
51630,0,1,0.6820108217300492,False
50256,0,1,0.6818302407389851,False
55407,1,1,0.677737191717126,True
53937,1,1,0.677737191717126,True
51582,1,1,0.6770687363506014,True
52015,1,1,0.6745197664433935,True
50512,1,1,0.6742362363894947,True
54322,0,1,0.6722190972883264,False
50959,1,1,0.6711464744277582,True
53929,0,1,0.6711175540949121,False
55339,0,1,0.6707714241300639,False
53306,0,1,0.6659946512763463,False
53797,1,1,0.6621095695119423,True
52184,1,1,0.6599583769363632,True
50901,0,1,0.6586071451864051,False
51984,0,1,0.6563609364595346,False
52891,0,1,0.6550024645423694,False
52001,0,1,0.652231660624506,False
50292,0,1,0.6497420145821706,False
51173,1,1,0.6476641545815494,True
52349,0,1,0.6473556780825873,False
51677,0,1,0.6471578806666675,False
53425,0,1,0.6463521154890494,False
51278,0,1,0.6424100608988662,False
52202,0,1,0.6402025514159522,False
52748,0,1,0.6398535932119639,False
51528,1,1,0.6390902656917247,True
50058,1,1,0.6390902656917247,True
54378,1,1,0.6337274105382265,True
50815,1,1,0.6308332550292844,True
52576,0,1,0.6281696079213777,False
55332,1,1,0.6278252276561421,True
54962,1,1,0.6264902101851405,True
55331,0,1,0.6249081917666451,False
54077,0,1,0.622111094450006,False
51045,0,1,0.6191867693258842,False
55200,1,1,0.6146034890164603,True
51299,0,1,0.6141770865732139,False
51548,0,1,0.6127822137071822,False
50078,0,1,0.6127822137071822,False
53241,0,1,0.6119964070470673,False
52339,0,1,0.6113662516272449,False
55563,0,1,0.607951486990631,False
55082,0,1,0.6056369317708287,False
52174,1,1,0.6033285997086072,True
53840,0,1,0.6029979823919918,False
52235,0,1,0.6027792395003054,False
53256,0,1,0.6021587604122778,False
54366,1,1,0.6014543912649583,True
52977,1,1,0.6007056440589414,True
53716,0,1,0.5945038292216616,False
50516,0,1,0.592921175873806,False
50765,0,1,0.5916857335491977,False
50244,1,1,0.5878833981384849,True
51072,0,1,0.5869161645502358,False
52550,1,1,0.5867793354602747,True
55154,0,1,0.5865614751709867,False
51844,0,1,0.5854841282006542,False
50655,1,1,0.5830625992763373,True
51480,0,1,0.5821898408764772,False
53161,0,1,0.5805556564305209,False
52203,1,1,0.5797401203909193,True
55622,1,1,0.5753443133343153,True
50536,1,1,0.5749535017257882,True
52208,0,1,0.5742641815490308,False
50008,1,1,0.5738545305998399,True
52006,1,1,0.5730765874368415,True
53415,0,1,0.5716264412429393,False
54885,0,1,0.571216238476849,False
51258,0,1,0.5709960310585778,False
51388,1,1,0.5709111835395135,True
52728,0,1,0.5704601679344211,False
55165,0,1,0.5675550854312442,False
50036,0,1,0.5674701011146971,False
52835,1,1,0.56691929512608,True
54098,0,1,0.5664582593876628,False
54930,0,1,0.563092430820242,False
54164,0,1,0.5610335193957345,False
54994,0,1,0.5604523004816495,False
50744,0,1,0.5537995397438004,False
50488,0,1,0.5531206810293057,False
54940,1,1,0.5515521340685455,True
54365,1,1,0.5514115903298923,True
53254,0,1,0.5504167540761042,False
53601,0,1,0.5468013940129514,False
52594,0,1,0.5466298507199869,False
51124,0,1,0.5453897713819192,False
54631,0,1,0.5420879403090777,False
51298,0,1,0.5394442237011066,False
52017,0,1,0.5390733253027086,False
55063,0,1,0.5382455746927818,False
55409,0,1,0.5372563596035462,False
52827,1,1,0.5353571389037963,True
54677,0,1,0.5352552897549167,False
54500,0,1,0.5344841315312118,False
53329,0,1,0.5336348996872485,False
54158,0,1,0.5283655840629876,False
53364,0,1,0.5271143155223565,False
54073,0,1,0.5262203483026127,False
50056,0,1,0.5257147653626423,False
50988,1,1,0.5252921456211102,True
52214,0,1,0.5206453558989588,False
52871,0,1,0.5190543212497859,False
51213,0,1,0.5184684267291876,False
55018,1,1,0.5175134607310511,True
55244,1,1,0.5160371010090012,True
52468,0,1,0.5149601054311551,False
55583,0,1,0.5149526297370364,False
54363,0,1,0.514491087903746,False
52159,1,1,0.5124538536895279,True
52416,0,1,0.51092602994095,False
51346,1,1,0.5050819938603882,True
50479,0,1,0.5044237528510531,False
